wav_file_path,txt_content
wav_output/62.wav,咳咳…不好意思，我有些太过开心了。
wav_output/178.wav,非常感谢，等我们买到布料再回来找您。
wav_output/478.wav,旅行者，请将你的力量借给我，我们一定能够…
wav_output\539.wav,能有些喘息时间的话，我也有一些想做的事情…
wav_output\846.wav,拜托你了，她对我有些戒备，我虽然一直很想关照她，但效果都不是很好。
wav_output\816.wav,别着急，现在还有些时间，等你一切处理妥当，我们再一起进入赛场。
wav_output\615.wav,谢谢您的鼓励。
wav_output\285.wav,到这里就可以了。
wav_output\327.wav,呼…放松，放松…
wav_output\607.wav,…真的没关系吗？
wav_output\481.wav,唔…
wav_output\696.wav,各位，当年那份图谱我已经找到了。
wav_output\293.wav,就是我的母亲。
wav_output\636.wav,我想先去给母亲扫一次墓。
wav_output\702.wav,我听宫司大人说了，你是这次「三川花祭」的代表，正忙着招募参与者…那我也不该闲着呀。
wav_output\44.wav,「山茶落花，零落于昨日旧雨。」
wav_output\90.wav,对大御所大人的看法吗？这并不该由我等下属随意议论。但…将军大人她，在追求「永恒」之路上，可能也很孤独吧。
wav_output\741.wav,太好了…如果不介意的话，要不要和我组队呢？
wav_output\557.wav,原来如此，你们也经历了许多事情呢。
wav_output\269.wav,派蒙过奖了。如果看见它能让你们想起我，自然是再好不过。
wav_output\608.wav,既然是哥哥的考量，那我也不再担心。
wav_output\643.wav,我也差不多告辞了。虽说我的戏份已经结束，但之后几天我还是想来现场帮帮忙。
wav_output\845.wav,很疼爱她的老师突然离开，她到现在也有点无所适从。
wav_output\510.wav,至于珊瑚宫…海祇岛的珊瑚宫自古便和鸣神岛的幕府存在着信仰上的冲突。
wav_output\698.wav,留下五歌仙故事的人，之所以选择了这样的办法，应该还是为了枫原吧。
wav_output\506.wav,毕竟能够得到神之眼的人少之又少，甚至可能还会招来嫉妒。
wav_output\465.wav,如果我被吓到的话，还请不要取笑…
wav_output\288.wav,嗯，看完了哦。
wav_output\493.wav,雷鸣、凄光、狂风、骤雨…它们的到来也永远不会顾及凡人的感受。
wav_output\832.wav,嗯？是你啊，还有早柚和小川先生，有什么事吗？
wav_output\148.wav,果然，优秀的旅行者都有一套自己的行事准则与着装风格呢。
wav_output\140.wav,我们回小仓屋，把这匹来之不易的丝绸交给店主吧。
wav_output\701.wav,…谢谢，我没事的。工作的安排也刚好告一段落。
wav_output\116.wav,没错。你是一个懂得礼节、体恤他人的良善之人，又很可靠，与你一起，我才好放心些。
wav_output\821.wav,没什么，只是现在我才渐渐有了一些赢得比赛的实感。九条裟罗小姐刚才说，这场比赛让她受教良多，其实我也是一样。
wav_output\467.wav,需要的话，随时可以来找我。
wav_output\656.wav,恭喜你，泽维尔先生。
wav_output\299.wav,或许对你们来说有些奇怪，但作为我而言，非常能够理解母亲的这种行为。
wav_output\72.wav,我对异国料理很有兴趣，虽然很少有尝试的机会。嗯…如果是要局限在稻妻料理内的话…应该是「茶泡饭」吧。不过，不能给一般客人看见，我也是偷偷告诉你的。
wav_output\318.wav,不知不觉中，我为母亲完成了一些愿望。唯独去祭典一事，我无法替她完成。
wav_output\614.wav,…太好了，我还担心刚才自己太紧张。夏沃蕾你呢？
wav_output\596.wav,这个就是铳枪吗？
wav_output\554.wav,他是我的朋友，明明不久之前，我们大家还一起…
wav_output\158.wav,所以，我并不讨厌打扮哦。
wav_output\786.wav,嗯，我觉得不如将错就错。最后的表演赛上，我穿着现在投票结果选中的服饰上场即可。
wav_output\152.wav,真的吗？完全没有标准，全凭喜好？
wav_output\321.wav,…谢谢你们，我好像明白了一些事呢。
wav_output\115.wav,原本这样的事应该委托兄长与我一同处理，但现阶段兄长非常忙碌…我又有些私心，不想让其他本地人士参与到这件事中。
wav_output\693.wav,此事影响深远，直至家主之位传到我父亲手上，神里家也依旧没能恢复当初的名望。
wav_output\137.wav,以我的立场，出手帮他确实有些怪异。可这些与身份、阶层无关…我只是作为我自己，帮助了一个遇到困难的普通人而已。
wav_output\820.wav,呼…
wav_output\407.wav,嗯，那我就放心了！
wav_output\535.wav,托马，你有什么提议吗？
wav_output\713.wav,也是因为你们之前的框架就搭得很好，我才能马上上手…
wav_output\487.wav,你们帮助那几位「朋友」的事，我都已经听说了，真是辛苦你们了。
wav_output\317.wav,说来有些冒昧，但…真没想到我的妈妈也有这么少女心的一面呢，哈哈哈。
wav_output\398.wav,谢谢你，今天对我来说是个意义重大的日子，我会永远铭记在心。
wav_output\266.wav,是以白鹭为主题制作的发簪，既可以当成发饰，也可以当做摆件。
wav_output\267.wav,不能白白让你帮我的忙，这个…送给你。
wav_output\129.wav,麻烦您了，一共多少钱？
wav_output\245.wav,呜…
wav_output\662.wav,宅邸中的道场，就像摆放在茶桌边的佩剑，时刻提醒着我，不能怠懈。
wav_output\172.wav,啊！都怪我考虑工作，害大家跑题了…抱歉，我要去的是旁边这家店铺。
wav_output\3.wav,这就是旅行者平日里的生活么，呵，感觉又多了解了你一些。
wav_output\38.wav,嗯，对风雅之物的喜爱，最初是因为家教的缘故。
wav_output\375.wav,等我学会做这道点心…可以请旅行者和派蒙来试吃吗？
wav_output\740.wav,说起来，冒昧问下，你们两位是搭档吗？
wav_output\748.wav,是呀，感觉好久没吃了。
wav_output\253.wav,嗯，我是这么想的。
wav_output\99.wav,「雪霁银妆素，桔高映琼枝。」嗯…美景当前，只差一壶茶与之相衬呢。
wav_output\374.wav,嗯！
wav_output\204.wav,只是处理一些小事，马上就来。
wav_output\589.wav,枫丹的海底的确很漂亮。我喜欢那些在水中盛开的海露花，看起来像夜晚街道上的烛灯。
wav_output\609.wav,走吧，夏沃蕾小姐，接下来还拜托你多多关照了。
wav_output\55.wav,…想必也会加深我对茶道的理解吧。
wav_output\483.wav,是关于，三个失去神之眼的人…等你见过他们，或许就能明白…
wav_output\127.wav,清点一下吧。
wav_output\739.wav,其实，我并不擅长应对神鬼之事…总担心自己表现得太过失礼，会令家族蒙羞。
wav_output\215.wav,可以请你帮我完成这件事吗？就当是帮我的忙，可、可以吗…？我会好好谢谢你的！
wav_output\101.wav,大御所大人…是在诉说什么吗？
wav_output\836.wav,很难得能在这里见到早柚呢。
wav_output\413.wav,跟你在一起的时间…过得很快，又很慢。
wav_output\613.wav,他们骂我们是…是…
wav_output\646.wav,夏沃蕾…还是没来吗？
wav_output\297.wav,笔记中写的，大多是母亲平日里私密又琐碎的小心思…那些我们以为与「椿」有关的事，也是属于她的想法。
wav_output\103.wav,有件事想请你出手相助。
wav_output\774.wav,嗯，是啊，我知道的。不过，大概正因为知道这一点，我最后才没有寄出那封信。
wav_output\763.wav,饰演「武人」的，自然就是大赛的胜者了；「神明眷属」会由一位官家出身的剑士饰演，这一职责也被称为「代神使」。
wav_output\584.wav,二位早上好，我们从泽维尔先生那里听说了，你们昨天下午的进展很顺利。
wav_output\637.wav,…！姐姐，你看！
wav_output\249.wav,我也是你们重要的朋友了。我真的…非常高兴。
wav_output\118.wav,太感谢了！那么我们现在就出发好吗？第一站先去小仓屋。
wav_output\826.wav,好。但…在此之前，你要好好保管好自己的佩剑哦？如果哪天被我偷走了，你的性命，也就交到我的手上啦。
wav_output\443.wav,你要问那个会帮你的人是谁…唔，总之很好认的，你去了就知道了，呵呵。
wav_output\416.wav,晚安，旅行者。
wav_output\835.wav,嗯，接下来的调查和处理就由我们来做，不需要你再担心了。
wav_output\319.wav,似乎…也没有机会见到她完成这件事了呢。
wav_output\738.wav,我还从来没有参加过试胆大会，不知道会是什么样子。
wav_output\264.wav,非常感谢。
wav_output\629.wav,这和练习剑道的心得相仿，什么都不想，专注于体会眼前的一切。
wav_output\376.wav,好的，我会加油！
wav_output\206.wav,抱歉，旅行者…呃、呃…
wav_output\594.wav,我去帮您拿一杯吧。
wav_output\505.wav,其实…对绝大部分人而言，眼狩令是一件事不关己的事。
wav_output\749.wav,啊，是你们。麻烦加两碗拉面。
wav_output\195.wav,怎么说我也是神里家的大小姐。单凭勘定奉行的各位，应该还没有资格追究我的行为。
wav_output\345.wav,可是…
wav_output\703.wav,之前像「试胆大会」那样的活动，大多是由兄长出面筹划。不过这一次，我也想为你们多分些忧。
wav_output\742.wav,在你们身旁，不自觉地就会安心下来。啊，当然，如果你们想和其他人一组，也没有关系…
wav_output\104.wav,话虽如此，也请不要太过担心。这次不是来自社奉行或神里家的委托，而是以我个人名义发起的请求。
wav_output\396.wav,认识至今，我的性格，你应该已经了解了吧？
wav_output\239.wav,为我…高兴？
wav_output\344.wav,不不不，已经受您很多照顾了，我们不能…
wav_output\207.wav,能不能跟我到那边去，有件事…想麻烦你。
wav_output\520.wav,可别小瞧花见坂那些手艺人的工艺，他们可以打造出肉眼难辨的神之眼仿品。
wav_output\756.wav,「演武传心」起源于稻妻古代传说，据说在很久以前，剑术冠绝稻妻的武人，将获得面见将军大人，与之切磋剑术的殊荣。
wav_output\843.wav,她的老师临走前拜托我，要好好照顾和监督早柚的成长。我会委托鹿野奈奈监督她，有一部分原因也是她的老师的建议。
wav_output\762.wav,是的。现在的表演赛上，将军大人虽然不会亲自出席，但会派遣特使代表自身参战，以示神威。
wav_output\818.wav,但有我与旅行者二人联手，这场比赛我们一定会胜利，来吧。
wav_output\663.wav,神里流太刀术的要义之一，在于不断锤炼自己的「剑心」。
wav_output\565.wav,果然是托马会提出来的建议呢…
wav_output\73.wav,你在城中，见过枯萎的樱花树么？这种「枯」之美，让我想到春天盛开之景。不过别人似乎并不这么想，不再开花的樱树会被移走…就算一次也好，真想看到它再次开放。
wav_output\640.wav,似乎是有要紧的公事要办。
wav_output\276.wav,「鹤衔来一朵装饰发梢的鲜花，白兔将四片月光缝成裙摆，我打扮得当，向着东方喊了七声椿的名字，转眼便站在去往她家的小径上。」
wav_output\95.wav,我和八重宫司大人的合作向来很愉快。你看，操办节庆庆典非常劳神费力，营收多半也不好看。但是八重宫司大人操办的产业，真的既风雅又有收成。
wav_output\145.wav,只是…不知道你习不习惯稻妻的特色服饰…
wav_output\409.wav,那就好。我…我不擅长这种舞蹈，没有丢脸真是太好了。
wav_output\678.wav,枫原，请恕我冒昧，你所想之事是否与「雷电五传」有关？
wav_output\361.wav,旅行者，你呢？
wav_output\349.wav,嗯！那旅行者，我们走吧？
wav_output\787.wav,没关系，小说里那件枫丹风格的裙装，造型并不算繁冗，对我来说应该不会有太大影响。
wav_output\450.wav,真舍不得回去…
wav_output\412.wav,我也这么想哦。
wav_output\461.wav,要是能再有些时间，说不定就能做得更完美了…
wav_output\188.wav,虽然我个人也不怎么认可「勘定奉行」的行事作风，但久利须先生，这里毕竟是稻妻，请注意您的发言。
wav_output\194.wav,您说笑了。
wav_output\670.wav,当时刚好这位吟游诗人就在旁边，我听他说，这些天你们还发现过其他类似的东西，于是就和他一起来找你们。
wav_output\67.wav,今日碧空如洗，鸟声啁啾。你的旅途一定也会平安顺遂。
wav_output\486.wav,这样见面还是第一次，旅行者和派蒙，呵呵。
wav_output\665.wav,这些摊位布置得相当用心呢。
wav_output\146.wav,哎？真的吗？
wav_output\731.wav,不过恐惧倒也并不完全是一件坏事…虽然几次被吓到，但我还是觉得很开心。
wav_output\788.wav,即使和平日里的装束不同，我也会努力适应它的。
wav_output\468.wav,难道真的像传闻所说的那样，每次试胆大会都会发生诡异的事情…
wav_output\156.wav,着装是门非常高深的学问，我也还在努力学习。
wav_output\437.wav,看来，你大意了呢。
wav_output\205.wav,啊…！
wav_output\622.wav,这杯子的样式…
wav_output\761.wav,通过它，后世就能了解「演武传心」的由来，也能了解到武艺所承载的意义。
wav_output\575.wav,我也会召集人手，争取挖出更多潜伏在稻妻的愚人众。
wav_output\7.wav,我会珍惜这一份幸运。
wav_output\300.wav,倒不如说，其实…其实我自己也有这样的一面…
wav_output\370.wav,唔！绯樱饼好好吃…！
wav_output\199.wav,木南小姐，你好。
wav_output\522.wav,嗯，我们也知道这不是长久之计，暴露是没办法的事…但我们绝对不能放弃正胜师傅。
wav_output\456.wav,对。难得兄长说今天不忙，要带我去买书，但他却把钱包忘在了家里，于是就只好让托马回去取了。
wav_output\419.wav,今日，我可不能落入下风。
wav_output\460.wav,嗯…除了原定的计划要改动，还有新的物料要准备，比如那只「金狸狸奖杯」，监修起来就花了不少工夫。
wav_output\244.wav,平日跟我走得近的只有家人和下属。所以，看见我约你出来吃饭，大家应该会很震惊吧…
wav_output\765.wav,没关系，能对推广剑道有帮助，对我而言也是一种荣幸。小野寺先生为赛事尽心尽力，大家有目共睹。
wav_output\359.wav,呀！
wav_output\427.wav,听说「七圣召唤」十分有趣，卡牌上的图案也很精美，用来收藏也许不错呢。
wav_output\214.wav,我也这么想！像你这样四处旅行的人，一定懂得很多知识，了解各地美食…
wav_output\25.wav,对我来说，母亲是意义非凡的存在。端庄、优雅，无论遇到怎样的局面都会露出沉静的笑容，以从容不迫的态度，操持着神里家大大小小的事务，说母亲是完美的化身也不为过。但自从她离世的那一刻起，我就深切地意识到，我已经不是那个可以躲在母亲身后的小绫华了。
wav_output\237.wav,对了，刚才我在那边试做料理的时候，你们有跟店主闲聊吗？
wav_output\48.wav,拜托了，再占用你一点时间，和我聊聊你喜欢的东西吧。
wav_output\529.wav,但如果我们暴露身份的话，她对我们是不会客气的。
wav_output\825.wav,不瞒你说，自从我认识你以来，就一直希望能有机会和你好好切磋武艺。今天在表演赛上，这个愿望大概算是实现了一半。
wav_output\470.wav,啊…刚刚听千鹤小姐讲从前三川花祭的事情，我还想着下次一定要再找时间好好聊聊。
wav_output\13.wav,晚上好。夜风舒畅，会是一个良宵呢。
wav_output\619.wav,欸？为什么…
wav_output\338.wav,以前会有这样的风俗哦，流传至今，就变成了一种流行的祭典装扮。不过，也不是绝对的。
wav_output\93.wav,鹿野院先生？他和九条小姐一样，是「天领奉行」的人。他…也是一个很有原则的人。对于这些「原则」的坚持，甚至比九条小姐更执着。只不过，什么事应该被算在这些「原则」之内，我想，或许只有鹿野院先生自己知道吧。
wav_output\434.wav,真是太失态了…
wav_output\747.wav,不需要这么尊敬…
wav_output\455.wav,二位，我和兄长都很感谢你们的帮助。
wav_output\632.wav,姐姐，他们人太多了！
wav_output\458.wav,所以，这种偶尔的粗心大意，对于我和托马来说，反而很可贵呢。
wav_output\755.wav,「代神使」是「演武传心」中一项很特殊的职责。说起这个，就不得不提起这一赛事的由来了。
wav_output\751.wav,那个…还请忘记…
wav_output\482.wav,我会帮你引荐雷电将军，但前提是…你要帮我完成三个小心愿。
wav_output\305.wav,每当我遇到麻烦事，总是会想：母亲当年是否也这样做过？这样的事，她会怎么处理呢？
wav_output\726.wav,旁边还有一个稻草人。奇怪，这是用来做什么的？
wav_output\699.wav,毕竟想要告诉我真相，要相对容易得多。
wav_output\631.wav,母亲从未向你提过什么要求，她只希望我们像其他人一样过上安稳的一生。
wav_output\837.wav,平时她好像怎么睡都睡不够，今天能配合你干这些事，已经很努力了。
wav_output\160.wav,有劳您了，还缺什么吗？
wav_output\42.wav,风花雪月，虽然作为我们熟知的事物存在于世界之中，但也应有属于它们自己的「感情」。
wav_output\255.wav,稻妻自古就有不少关于狐狸神使的逸闻哦。
wav_output\673.wav,为了让字迹保存更久，往往不是使用特制的墨水书写，就是在写完后，在纸面刷一层防水的涂料。
wav_output\541.wav,抱、抱歉…我还以为会很好吃的…
wav_output\59.wav,更重要的是…我也希望，你我之间可以不用拘泥这些身份…
wav_output\782.wav,不，小野寺先生，请先等一下，事情或许还有其他解决方式。
wav_output\616.wav,母亲，我们回来了。
wav_output\60.wav,我只是把你当作…最重要的人。
wav_output\78.wav,嗯…我真是太幸福了…
wav_output\621.wav,姐姐…母亲她…
wav_output\323.wav,她把无法实现的事寄托在「椿」身上，而我…已经下定决心了。
wav_output\37.wav,嗯，我很乐意。不过，话题的话…
wav_output\714.wav,你…还记得呀。兄长说他们那边的工作已经不成问题。所以我就冒昧问了宵宫，还缺不缺人手…
wav_output\625.wav,不，等等…
wav_output\289.wav,我想，我应当和你们分享这本笔记的真相。
wav_output\649.wav,你好，莫里斯先生，之前听闻您的财务状况遇到了些问题，希望现在有所好转。
wav_output\260.wav,不愧是璃月…古老的文化孕育着最美丽的传说，令人向往。
wav_output\377.wav,嗯，我也这么想。
wav_output\770.wav,啊…果然瞒不过你的眼睛。其实，一开始听说大家希望由我来担任「代神使」时，我心里真的有些忐忑。
wav_output\779.wav,旅行者，派蒙，你们来了。昨天休息得怎么样？
wav_output\494.wav,但如果是你的话，一定能体会得到吧？
wav_output\27.wav,呵呵，敬请放心。
wav_output\91.wav,见证了「无想的一刀」并且活了下来，该说是堪称伟业的经历了吧。虽然对我来说，她是真正的神明，一念之间可以更改稻妻的命运，但如果是和你起了冲突的话…我一定会站在你这一边的。
wav_output\134.wav,旅行者，刚才谢谢你出手帮忙。
wav_output\340.wav,您过奖了，我和兄长大人也只是完成应尽的义务而已。
wav_output\424.wav,嗯，我也要再去研究一下牌组了，毕竟是正式比赛，我不能露怯。
wav_output\372.wav,哎？直接把菜谱分享给我真的没关系吗？不、不是会涉及到商业机密…什么的…
wav_output\600.wav,好的，那就烦请您赐教了。
wav_output\471.wav,没想到…这么快就会分别…
wav_output\849.wav,我很能理解她心中的矛盾，不过所幸的是，她的时间还有很多，不用着急。
wav_output\230.wav,呃，请问香菱是…？
wav_output\448.wav,各位放心去吧，不用担心我们。
wav_output\256.wav,你们应该见过八重宫司了吧？她就是狐狸神使哦！
wav_output\186.wav,您好。
wav_output\771.wav,虽说我从小就经常在公众面前露面，但作为剑道赛事的活动大使，还要身着盛装参加演武，这还是第一次。
wav_output\735.wav,请…别离我太远…
wav_output\74.wav,风雅之物我都很喜欢：雅乐诗词、棋艺与舞蹈。你也感兴趣吗？
wav_output\97.wav,闭上眼睛，向着风吹来的方向…怎么样，很舒服吧？
wav_output\729.wav,仔细看看，眼前依旧是我熟悉的镇守之森。体验过之后，似乎就没那么可怕了。
wav_output\568.wav,我们还是先解决眼下的问题吧。废除眼狩令之后，托马就自由了。
wav_output\664.wav,啊，趁这个机会，要不要一起练习一番呢？
wav_output\286.wav,呼。
wav_output\24.wav,将军所传的锻刀之术，也因星象、用途、矿质、炉火环境、人之性格、元素变化的不同，而有所区分。即是刀工之间所说的「雷电五传」。能锻造名刀的刀工，也被算作是本领通神的神事相关人员，归属统筹文化、艺术、祭祀的社奉行一派管理。因此，出现了刀工背叛的事情，自然就是神里家的督办不力了。
wav_output\476.wav,社奉行虽服务于将军，但因职责的缘故，又是与民生最贴近的一方。
wav_output\17.wav,很多人因为我是「白鹭公主」，是社奉行神里家的大小姐而敬重我。他们所敬重的，只是我所身处的地位，与绫华我是怎样的人并无关系…所以我想，能真正走近我的，或许只有…
wav_output\290.wav,虽然，里面的内容跟我想的完全不同就是了…
wav_output\373.wav,…谢谢您，回去以后我一定会认真学习制作这种美味点心的方法。
wav_output\280.wav,「鹤衔来一朵装饰发梢的鲜花，白兔将四片月光缝成裙摆，我打扮得当，向着东方喊了七声椿的名字，转眼便站在去往她家的小径上。」
wav_output\508.wav,不过除了我们之外，还是有远在海祇岛的「反抗军」存在的。
wav_output\161.wav,对。
wav_output\21.wav,稻妻神里流太刀术皆传——神里绫华，参上！请多指教哦。
wav_output\328.wav,你对我们这里的祭典有兴趣吗？
wav_output\838.wav,可是，接下来要去好好工作哦，知道吗？不要再让鹿野奈奈担心了。
wav_output\764.wav,本次，就是由我来担任「代神使」。
wav_output\10.wav,如你有空，我们移步木漏茶室如何？在这样恬静的日子，略加交流茶艺心得，想来是颇具雅趣的。
wav_output\479.wav,唔…
wav_output\143.wav,希望这次不缺什么了。
wav_output\302.wav,母亲嫁给我父亲之后，就一直作为神里家的主母掌管各项事宜。社奉行身份相对尊贵，需要打点的方面非常多。
wav_output\342.wav,不、不是！
wav_output\381.wav,旅行者想好许什么愿望了吗？
wav_output\123.wav,…呼。
wav_output\573.wav,除此之外，这是…他们与愚人众来往的信件。
wav_output\447.wav,还有爱贝尔提到的喷泉。看起来十分精美华丽。
wav_output\620.wav,…！母亲！
wav_output\243.wav,那些都是实话，我这个人…朋友确实比较少。
wav_output\75.wav,啊…稍微有点油腻了呢。
wav_output\819.wav,您过奖了。
wav_output\641.wav,谢谢芙宁娜导演的肯定。但稻妻社奉行还有许多事情需要操办，我无法长期留在枫丹从事演艺事业。
wav_output\130.wav,不不，该是多少钱就是多少钱。
wav_output\360.wav,我的也是中吉呢！
wav_output\112.wav,嗯。我想去见她。
wav_output\119.wav,稍等一下。
wav_output\22.wav,你的请求，对我来说很特别呢。既然把你当做朋友，我也应坦诚以待。不过，事关神里家的秘密，还希望你能守口如瓶。
wav_output\135.wav,或许是吧。对我来说是件好事，毕竟，我也不希望今天的事被太多人知道。
wav_output\414.wav,那么，今天就到这里吧。
wav_output\333.wav,现在去的话，应该还能赶上。
wav_output\86.wav,烦请赐教。
wav_output\602.wav,这样吗？
wav_output\734.wav,别担心。已经体验过一次，我应该不会那么轻易被吓到了。回见，祝你们聊得开心。
wav_output\784.wav,而且，当大家得知表演赛上会出现流行作品中的服饰，却并没有什么不满和怨言。相反，大家似乎都认为这是意外惊喜。
wav_output\438.wav,能有这样的对局，我很满足。
wav_output\453.wav,这把刀没有开刃，但刀柄上倒有不少使用痕迹，说不定是枫原小时候学习剑术的时候用的。
wav_output\682.wav,「雷电五传」曾经是稻妻最为顶尖的五个锻刀流派，这五个家族虽是刀匠世家，却也在社奉行有不小的官职。
wav_output\736.wav,要休息一会儿吗？
wav_output\429.wav,好手段。
wav_output\606.wav,可是…哥哥…
wav_output\639.wav,谢谢各位。没想到夏沃蕾和我的戏份这么快就拍完了，还真有些舍不得。
wav_output\316.wav,是的。祭典上有时会售卖异国料理，那些也是她想要尝试的东西。
wav_output\228.wav,我是真心的。我…很敬佩你，也为能结交你这样高洁的朋友而骄傲。
wav_output\312.wav,我也看到过哦！非常热闹，人很多，灯笼里的火非常明亮，能照亮大片夜空…有时我们还要操心那里的治安问题呢。
wav_output\40.wav,借由作者的眼睛，就能身临其境地看见世间万景。即使是熟悉的风物，也会萌生更深一层的感触。
wav_output\83.wav,感觉更加游刃有余了。处理社奉行事务之余，甚至有空尝试一些新的事情。要来试试最近学做的点心吗？
wav_output\683.wav,只可惜，现在雷电五传已经只剩下「天目流」仍有师徒传承，「一心传」虽然技艺失传，但所幸还有后人在世。
wav_output\687.wav,不过由于雷电五传并没有完全消失，这种说法最终也只是被当作坊间传闻而已。
wav_output\519.wav,比如藏匿神之眼的持有者，或者制造假的神之眼来应急。
wav_output\154.wav,不不，怎么会！我只是…只是很佩服那些随心所欲的人嘛。
wav_output\100.wav,风和日丽，要去哪边走走么？
wav_output\480.wav,啊、啊…等一下！请先…先别走…
wav_output\124.wav,不不…你过奖了，我只是完成应尽之事。
wav_output\708.wav,到时候，可以一起去…
wav_output\785.wav,既然我们的目的之一，是让更多人对这场比赛产生兴趣，那么这个差错造成的后果，不应该称作「事故」才对。
wav_output\64.wav,我可以…牵着你的手吗？
wav_output\193.wav,以您和万国商会的立场，我建议…平日还是多加小心，以免蒙受不必要的损失。
wav_output\257.wav,若是朝这个方向推测，稻妻大地上或许还有其他不为人知的狐狸神使…而那位「椿」，也许就是其中一员。
wav_output\356.wav,哎？这、这样真的可以吗？
wav_output\466.wav,这样啊，没关系的。
wav_output\804.wav,最终能不能取胜，我其实也并无把握。但只有尽全力战斗，才能为观众们呈现出最精彩的表演。
wav_output\644.wav,你们没事就好，没想到这故事牵扯到这么多案件…
wav_output\805.wav,唔，这个…
wav_output\824.wav,真的吗？听你这么说，现在突然很想和你比一场了呢。
wav_output\428.wav,今日，我的运势不错。
wav_output\164.wav,接下来，我想带旅行者和派蒙去餐馆用餐。
wav_output\527.wav,九条裟罗是眼狩令的执行者，她只听从雷电将军的命令。
wav_output\236.wav,哈哈，那我就放心了。
wav_output\211.wav,我想做的是…送给「椿」的见面礼。
wav_output\537.wav,抱、抱歉…我还以为会很好吃的…
wav_output\709.wav,啊…我这就去！…抱歉，我得先失陪了，将来的事情…就等将来再说吧。
wav_output\32.wav,不过…你的好意…我拜领了。
wav_output\674.wav,特制的墨水制作起来费时费力，刷涂料的办法也并不轻松。
wav_output\769.wav,嗯，这件事应该从何说起才好呢…
wav_output\705.wav,欸？这么快吗…好高的效率…我最开始还在想，万一人手不够的话，要不要也去报个名…
wav_output\723.wav,好刺眼…这个是…烟花？
wav_output\790.wav,放心吧。我此刻很轻松，还有些欣喜。
wav_output\776.wav,呵呵，作为朋友，会这样想很奇怪吧？
wav_output\272.wav,奇怪，笔记上说的确实是这里没错啊，难道说…
wav_output\720.wav,据说有一名流浪武士，在夜晚横穿树林，突然发现眼前熟悉的景色开始变得怪异。
wav_output\279.wav,奇怪，里面是空的…再看看别处吧。
wav_output\176.wav,连小仓屋都弄不到的高档布料…还有哪里能买到呢？
wav_output\408.wav,怎么样？我的舞蹈…还可以吗？
wav_output\753.wav,旅行者，派蒙，好久不见，原来你们最近也在稻妻。
wav_output\422.wav,用这手来收官。
wav_output\159.wav,派蒙这么可爱，穿什么衣服都会很可爱的。
wav_output\626.wav,不能让母亲就这么死去…至少…让我在她胸前放上一朵蔷薇…
wav_output\46.wav,啊…一不留神都在聊我的事情。
wav_output\654.wav,下次来这里时，就是以稻妻社奉行的名义进行访问。
wav_output\801.wav,旅行者，真是一场精彩的比赛。
wav_output\128.wav,实不相瞒，是这样没错。
wav_output\277.wav,总觉得，也像是某种暗号…
wav_output\332.wav,…太好了，谢谢你们！
wav_output\357.wav,旅行者，派蒙…你们觉得呢？
wav_output\815.wav,好，接下来的战斗，就请你多关照了。
wav_output\210.wav,这间院子也是他们家的私人区域，我是请店主帮忙准备了一些料理用具和食材，想在这里做一道特色料理。
wav_output\390.wav,嗯，承你吉言。
wav_output\497.wav,嗯，那是自然，呵呵。
wav_output\814.wav,旅行者，你准备好了吗？
wav_output\452.wav,不，刀座虽然是上好的木料，但摆在上面的却是一把很普通的刀。按照枫原家最后的经济状况，值钱的收藏肯定已经拿去变卖了。
wav_output\550.wav,而那第一百颗神之眼的持有者…也就是即将被公开狩眼的对象，恐怕…就是托马。
wav_output\798.wav,这样想的话，这件特别的衣服，的确可以被称作惊喜。
wav_output\799.wav,嗯，我相信旅行者的实力。
wav_output\366.wav,这边是小吃摊位，有很多稻妻特色美食。你们想吃什么，我去买！
wav_output\4.wav,刀剑抱业，名工怀宝。
wav_output\830.wav,旅行者，刚刚的话，替我保密哦。
wav_output\517.wav,毕竟，要对抗眼狩令，就相当于要对抗神明啊。光是做好这样的觉悟，就已经很难了。
wav_output\184.wav,应该就是那位了。
wav_output\556.wav,…嗯，我会…等你们平安回来。
wav_output\444.wav,请务必小心…
wav_output\451.wav,嗯…
wav_output\628.wav,谢谢你们的肯定。其实，我只是听到导演喊「开始」之后，就告诉自己什么都不要想，单纯去感受故事中主角的心情，融入在其中。
wav_output\403.wav,说起来，我和旅行者有点像呢，都有兄长。
wav_output\562.wav,其结果，是将军错估眼狩令的危害，继续一意孤行。如果能拿到天领奉行的上奏公文，一看便知。
wav_output\657.wav,嗯，就好像夏沃蕾你教我握枪只是几天前的事一样。
wav_output\477.wav,奉行的权力本就源自于民众的信任，如果对这样的情况坐视不理，又怎能够安寝。
wav_output\591.wav,哥哥和泽维尔先生一起，在和饭店老板协商拍摄场地的相关事宜，应该很快就会到。
wav_output\217.wav,披萨…？
wav_output\386.wav,嗯，派蒙说得对，你许下的心愿一定会实现。
wav_output\597.wav,不愧是夏沃蕾小姐，看来您平时经常和枪械打交道。
wav_output\502.wav,将军大人她…我虽然见过将军大人的次数很少，大多都是各种祭祀仪式上…
wav_output\645.wav,那我在那边等你，还有个好消息想和夏沃蕾分享呢。
wav_output\379.wav,这里是买「绘马」的摊位。稻妻的人们会在名为「绘马」的五边形木板上画下或写下心愿，并祈求它能被实现。
wav_output\45.wav,仅仅读着就会感伤，这大概就是人们所说的「艺术的感染力」吧。
wav_output\672.wav,派蒙，在过去印刷尚不发达的年代，手写在书上的文字很容易因为受潮变模糊。
wav_output\648.wav,不过，更令我担心的是今早《蒸汽鸟报》提到的铳枪杀人案，凶手…正是《两个铳枪手》的那位作者。
wav_output\590.wav,宵宫在海里游了好久，直到天黑我们才乘坐巡轨船回到枫丹廷。我都担心她今天会累到睡懒觉。
wav_output\108.wav,里面有她记录的许多琐事，其中出现了一个我从未听说过的人名，而且频率之高，实在令人在意…
wav_output\387.wav,我也会一直为你祈祷。
wav_output\89.wav,为「天领奉行」工作的九条裟罗…她总是一脸严肃。我和她曾经起过几次争端，不过她本质是忠义之士，这点无可否认。
wav_output\442.wav,欸。你现在就要走？可以…等我一会吗？稍后我和你一起走。
wav_output\415.wav,前面的路，我自己上去就好。
wav_output\630.wav,闭嘴，你这个害死了母亲的恶棍。
wav_output\499.wav,曾经这里是将军赐予社奉行的封地，唯社奉行的神里家才能规划、建设、修缮，甚至管理出入人员。
wav_output\833.wav,情况基本弄清楚了，小川先生好像是受到了海乱鬼的胁迫，并不是真的想要伏击你。
wav_output\809.wav,真的吗？我还担心会不会有点过于俏皮…我不一定能驾驭住这种风格。
wav_output\169.wav,不、不是这样的！咳咳…我是说，祭典什么的，在稻妻很是常见，我们社奉行早就习惯了这样的风俗哦。
wav_output\813.wav,谢谢你的夸奖，派蒙。旅行者，既然已经准备妥当，我们就出发去赛场吧。
wav_output\844.wav,而且，其实她心里一直都记得老师对她的期待，不然，她真的这么讨厌工作的话，那早就退出终末番了。
wav_output\213.wav,这次要去见「椿」，我便想着，是不是做一份异国料理带给对方比较好…
wav_output\601.wav,我明白了。
wav_output\248.wav,嗯！所以…
wav_output\501.wav,后来在城中的祭祀事宜变少了以后，先辈们就修建了这座仅社奉行相关人员才能自由进出的茶室。
wav_output\810.wav,不过既然你们都觉得还不错，我就放心了。
wav_output\475.wav,如今的稻妻，在眼狩令的推行下，民众的愿望正在被肆意蹂躏践踏。
wav_output\548.wav,我没办法判断消息是真是假，就立刻跑过来确认。如果托马没有按照约定出现在这里，意味着传闻大概率是真的。
wav_output\306.wav,或许，真是太久没见她了吧。不知不觉中，就连我的记忆里也几乎只剩下母亲威严和高贵的一面。
wav_output\524.wav,呵呵，我们当然也不会把这件事完全甩给你一个人。
wav_output\592.wav,其他人…
wav_output\572.wav,这一卷密封的，应该是天领奉行要呈给将军的「上奏公文」。
wav_output\6.wav,呵呵…今日运势不错。
wav_output\202.wav,旅行者，派蒙，先入座吧。我稍稍失陪一会儿，马上就来。
wav_output\775.wav,之前，你已经帮了我很多次，也倾听了我的许多烦恼。但如果我总是向你寻求帮助的话，就感觉自己有点「输给你」了。
wav_output\122.wav,那么请您退到安全的地方，并保护好自身安全。接下来…是我实现承诺的时候了。
wav_output\26.wav,接下来要说的话，可能不太符合「稻妻幕府社奉行神里家」的身份。不过，就我的判断，你应该能容许我小小的任性吧？…稍微有点累了…可以让我靠一下你的肩膀吗？一下就好。
wav_output\339.wav,啊！我…咳咳，您好呀。
wav_output\198.wav,之所以深，是因为携带了沉重的货物吧。
wav_output\500.wav,这都是由于社奉行统管祭祀事务的特殊性，许多时候需要旁人回避。
wav_output\536.wav,还不是因为托马自己也放了很多奇怪的东西，一直在捞自己放进去的食材。
wav_output\831.wav,没什么，我们赶快走吧。
wav_output\246.wav,谢谢你们，我、我很开心！
wav_output\218.wav,听起来真不错啊。
wav_output\304.wav,父母过世后，我和哥哥接手了神里家的一切。期间遇到的许多困难，可能对外人来说有些难以想象…
wav_output\313.wav,只是，以我们的身份，贸然参加祭典或许并不合礼数。尤其在我父母的时代，社奉行与民众的关系还没有那么亲近…
wav_output\580.wav,泽维尔先生，您不必介意。在收到您邀请的时候，我和哥哥其实就有这份打算了。
wav_output\371.wav,可能有些冒昧，但我想请问一下，这种点心是怎么做的呢？
wav_output\430.wav,…真是岌岌可危呢。
wav_output\789.wav,嗯，那就辛苦你们了。
wav_output\445.wav,烟花在晚上比较醒目…可以的话，等到晚上再执行计划比较好。
wav_output\721.wav,他停下脚步，发现自己仿佛到了另一个世界。不似人形的怪异之物们，正齐刷刷地看向他…
wav_output\275.wav,我想想…
wav_output\187.wav,货物的具体内容是什么？
wav_output\270.wav,看来，我们走错了呢…
wav_output\553.wav,这也是没办法的事…时间已经不多了，仪式就要开始，我不能就这样放弃托马。
wav_output\296.wav,「以下所有，仅仅是一个普通的我所记录的生活琐事罢了。」
wav_output\63.wav,能和最重要的人共享茶艺的乐趣，像发生在梦里一样…
wav_output\829.wav,正因为是朋友，才应经常切磋，互相勉励才是。
wav_output\171.wav,所以，祭典固然开心热闹，对我们来说却是一件值得操心的事。
wav_output\399.wav,祭典真好啊！没有那么多规矩，每个人脸上都洋溢着发自内心的笑容，自在又快乐…
wav_output\410.wav,也就是心血来潮，想要任性一次…
wav_output\337.wav,祭典还没有关闭，只是人不多了…我们得抓紧游玩。
wav_output\110.wav,因此…我对这位陌生人十分好奇，很想见见对方。
wav_output\174.wav,依您之见，这是…
wav_output\433.wav,不容小觑…
wav_output\582.wav,…是那位枫丹水神的名字吗？我听哥哥说了发生在枫丹的事。
wav_output\659.wav,夏沃蕾会来稻妻吗？
wav_output\394.wav,我们回去吧。
wav_output\28.wav,这里有别于神里家的布景，移步之间，处处都有新奇感。
wav_output\223.wav,是的，这是旅行者帮忙制作的异国料理。
wav_output\796.wav,那时候的我，完全无法想象未来某天，自己也能切身体会这些异国风情。不过现在，所有曾经不可能的愿望，都不再遥远了。
wav_output\92.wav,早柚这孩子，最近有没有给你添什么麻烦呢？如果看见她偷懒，可以直接告诉我。
wav_output\423.wav,呼…我输得心服口服。
wav_output\490.wav,呵呵，多谢二位。
wav_output\530.wav,不过想要反抗眼狩令，现在我们所做的还远远不够。
wav_output\363.wav,哇…你运气真好啊。
wav_output\547.wav,糟糕…我在来这里的路上，听说托马被天领奉行的人抓走了。
wav_output\528.wav,对她来说，正胜师傅并不能直接威胁到眼狩令，所以她才愿意放正胜师傅一马。
wav_output\695.wav,我明白了，既然这样我先回去寻找图谱，大家稍后到神里屋敷与我汇合即可。
wav_output\197.wav,各位，请随我到事发地点进行调查。
wav_output\98.wav,请随我一同避雨吧。
wav_output\107.wav,前几天，我从旧物堆里找到一本母亲留下的笔记。
wav_output\284.wav,各位，我们还是到外面去吧。这里气氛跟我想的有些不同，总觉得…不太想在这里翻开这本笔记。
wav_output\489.wav,噗…哈哈，小派蒙可真是风趣，托马作为我的近仆之前，更优先是我的朋友哦。
wav_output\309.wav,喜欢漂亮的着物，想要尝试每个地区的美食，渴望不曾见过的美景…
wav_output\780.wav,旅行者，祝你比赛取得好成绩。
wav_output\400.wav,要是有机会…嘿嘿，我还想再去一次。
wav_output\76.wav,啊…稍微有点油腻了呢。
wav_output\166.wav,比起过于高档令人拘谨的高级餐厅，我认为那种自在的氛围更适合我们今天的行程。
wav_output\61.wav,…真的吗？！
wav_output\617.wav,…母亲不在吗？
wav_output\724.wav,该不会是…徘徊在这里的怨灵…？
wav_output\8.wav,烦恼吗？啊，是啊。只要生活在这个世界上，就难免遇到种种不如意的事情。但如果是因为自己的事情，就让周遭的人担心的话…果然，我还是不能说…
wav_output\41.wav,若说起自然之景，就不得不提起，稻妻的人们相信万物有灵。
wav_output\308.wav,当我看到这本笔记，就意识到了…她和我完全一样，无论我们背负着怎样的职责，也都只是一介普通人而已。
wav_output\834.wav,不过这样的假命令居然传下去了，我也有一定的责任。我会妥善处理这件事。
wav_output\263.wav,那么我们先去取衣物，然后就请二位随我一同见证存在于稻妻的神秘高人吧。
wav_output\435.wav,这正是所谓「王手」。
wav_output\757.wav,只不过，将军大人的实力实在高出人类太多，如果直接与武人较量，这场对决恐怕瞬间就结束了。
wav_output\638.wav,母亲最喜欢的虹彩蔷薇，开了。
wav_output\807.wav,嗯，那就这样说好了。明天早上，我在神里屋敷等你们。
wav_output\155.wav,真想走遍七国，看看别人过着怎样的生活。
wav_output\395.wav,旅行者，其实…今天是我第一次像这样来祭典玩。
wav_output\426.wav,你刚才的一手…呵呵，明显是走神了呢。
wav_output\848.wav,那个孩子，就拜托你去安慰了。
wav_output\225.wav,哎？可以吗？
wav_output\545.wav,「绫华？」
wav_output\728.wav,是呀。刚刚受到的惊吓，仿佛被团子牛奶治愈了…
wav_output\254.wav,就连我也从未听过母亲有这样一位朋友，如此神秘，一定是平日很难见到的高人吧。
wav_output\294.wav,很惊讶对吧？我、我也很惊讶…但这本笔记一开始便这样写了。
wav_output\441.wav,真是绝妙的一着。
wav_output\247.wav,抱歉…真是失态啊。
wav_output\730.wav,兄长曾说恐惧出自人心，内心安宁，恐惧自然消散，现在我明白了。
wav_output\516.wav,老实说…没有。
wav_output\650.wav,嗯，哥哥说他待会儿就到。
wav_output\827.wav,嘿嘿…我一直很想说说看这种句子，应该不会很奇怪吧？
wav_output\153.wav,哇，真不错…不知为什么，有点向往…
wav_output\287.wav,旅行者，派蒙，抱歉让你们久等了。
wav_output\612.wav,其实，大家都不愿意和我们玩。
wav_output\173.wav,您好，我这边有份服装设计图纸，想劳烦您看一看。
wav_output\691.wav,我最近会去和兄长商议一下，调查这个叫国崩之人的身份。我们会慎重行动，各位可以放心。
wav_output\109.wav,是的。虽然父母都已过世多年，但与他们有过往来的人物，我和兄长大人大抵还是知道的。
wav_output\325.wav,我不打算用这样的方式。我想…我有了新的目标，我会不留遗憾地度过每一天。
wav_output\54.wav,我想让你尝一尝纯正的稻妻抹茶，随后听听你的评价！
wav_output\126.wav,那些浪人匆忙地逃走了，看起来什么都来不及带走。所以我想，您丢失的货物都在这里了哦。
wav_output\121.wav,还记得我们的协议吗？您守口如瓶，我也会完成答应您的事。
wav_output\710.wav,队伍管理的事宜目前还是兄长在负责，他跟宫司大人应该还在庭院会晤，你们直接进去就好。
wav_output\425.wav,身处赛场，望你万勿留手。
wav_output\677.wav,当然可以。
wav_output\759.wav,由于将军大人选择以演武的形式，将自身的技艺与守护稻妻的意志传达给子民，因此这场切磋被称为「演武传心」。
wav_output\777.wav,谢谢你。但今天得知你也来参加比赛了，我真的很开心…
wav_output\47.wav,明明还想趁着跟你聊天的机会，多了解你一些的…
wav_output\241.wav,唉，算了，我就是朋友很少，我自己也知道啦…
wav_output\595.wav,别这么说，泽维尔先生。我们都很荣幸加入你的映影团队。
wav_output\491.wav,回到正题上来，在看到那些失去神之眼的人的苦痛之后，你们作何感想呢？
wav_output\65.wav,请，请稍等…
wav_output\722.wav,看不清楚，好像有什么东西在动…
wav_output\350.wav,啊等等…请等一下。
wav_output\341.wav,不是哦，我是带我身边这位旅行者前来游览的。
wav_output\542.wav,嗯，如果天领奉行那边真如托马所说在忙于筹备什么，那就这么办好了。
wav_output\551.wav,应该…是的，将军和天领奉行的人准备以第一百颗神之眼的「狩眼仪式」，来证明眼狩令的阶段性成果。
wav_output\406.wav,作为…咳！作为朋友，我会一直守望、支持你。
wav_output\758.wav,因此，将军大人派出自己的眷属作为接引武人的使者，并在切磋中为武人提供援护，让两人一同与自己对战。
wav_output\666.wav,虽说有些冷清，但只有我们两人的话，反而可以放下负担，轻松地享受另一种风味的「祭典」了。
wav_output\301.wav,看笔记的时候甚至有些不知所措，就好像是我的一些想法被人看穿了、写到笔记上一样…
wav_output\181.wav,谢谢您。那我们就先告辞了。
wav_output\39.wav,每当细细揣摩之时，我常常能够感受到作者的情思。
wav_output\117.wav,那太好了，我本就想趁这次机会请二位到处走走。若你们不嫌弃，就请跟我一起行动吧。
wav_output\463.wav,请问…考虑的如何了？
wav_output\393.wav,越快乐，时光便流逝得越快…就像流水与落樱。
wav_output\671.wav,东西在这里，请各位过目。
wav_output\114.wav,刚才说的所有事情还请二位替我保密。
wav_output\322.wav,母亲和我，在某些方面是完全一样的。她所面临的事，同样也是我将要面对的事。
wav_output\841.wav,唉…
wav_output\791.wav,之前，一想到要身着华服登上表演赛的舞台，我就难免担心，自己在场上的举止是否足够得体美观，配得上观众们的期待。
wav_output\576.wav,也只能相信八重宫司了。她与将军关系密切，或许会有办法…
wav_output\150.wav,这样啊…好的，那就按旅行者说的来。
wav_output\454.wav,我再在附近调查一下其他东西，如果有发现的话就喊你们。
wav_output\795.wav,旅行者，我还记得刚认识你不久的时候，曾听你说过，璃月、蒙德…各个国家的服饰都各有特色。
wav_output\165.wav,哼哼，地点是我精心挑选的一家临街餐馆——「木南料亭」。
wav_output\88.wav,作为神里家的家主，兄长平日需要出面诸多场合。我虽尽力分担兄长肩上所负担的责任，却也无法缓和他常年积压在身的疲倦。唉，就当是为了妹妹着想，希望你能劝言，让兄长多多注意身体啊。
wav_output\514.wav,不过话说回来，将军忽然做出眼狩令这样的决定，又是否有什么来由呢…
wav_output\750.wav,因为重油重盐，所以会被身边的人限制吃的次数…不管是拉面还是火锅，平时都吃不到的。
wav_output\676.wav,但现在抄袭的那篇诗作上，不仅缺少赤人的印章，字迹在遇水后的状况也和其他纸面大不相同。
wav_output\706.wav,不用了，一个人的心力有限，既然人手已经足够，那作为筹办方出力，应该更能帮你们办好这次「三川花祭」。
wav_output\571.wav,辛苦了，接下来就等早柚的消息吧。
wav_output\842.wav,她只是…有些迷茫吧，我很想帮她一把。
wav_output\36.wav,如果有我能相助之处，希望我也能帮上你。
wav_output\498.wav,那么，至于那些…秘密的事，我们还是移步木漏茶室再做讨论吧？以免牵连社奉行里的一般人。
wav_output\828.wav,我们刚才说，要找个时间来比赛一场，看看我们谁的剑术更胜一筹。
wav_output\778.wav,天色不早了，我和千里小姐就先回去了。你们这两天也要好好休息，不要太劳顿了。我们比赛当天再见。
wav_output\233.wav,旅行者，派蒙，抱歉耽搁了你们的用餐时间。
wav_output\474.wav,我一直很期待二位的到来，从托马的转述中，也确信了二位所拥有的「改变时局」的力量。
wav_output\732.wav,我想继续在林间闲逛一段时间，你们要一起来吗？
wav_output\102.wav,旅行者，派蒙，请留步。
wav_output\767.wav,这里是勘定奉行的室内练兵场。这次多亏有千里小姐帮忙，才能借用到这里的场地。
wav_output\781.wav,旅行者，派蒙，看来你们也得知投票结果了。
wav_output\605.wav,我们过去吧。
wav_output\201.wav,点单就按之前我预约的内容，另外，和你说好的那件事…也拜托了。
wav_output\82.wav,多亏你的点拨。有你相助，我对自己的能力也理解得更透彻了。
wav_output\151.wav,说起来，其他国家的人一般都会穿什么风格的衣服呢？
wav_output\12.wav,早安，旅行者。能像这样在清晨见你一面，我会忍不住觉得…接下来将是顺利的一天。
wav_output\177.wav,嗯…看来得到万国商会走一趟。
wav_output\388.wav,是的，我的愿望是稻妻的大家平安幸福，家人朋友都能身体健康。
wav_output\794.wav,不，还不只是这样。不如说在我内心深处，也一直期待着有朝一日，能打扮成与平常不同的样子。
wav_output\692.wav,是的…因为家主过世得突然，神里家一时群龙无首，又有奸人趁机作梗，在社奉行的地位也变得岌岌可危。
wav_output\227.wav,…你真好。
wav_output\271.wav,我、我也觉得有点意外…
wav_output\273.wav,呜…内心有点动摇…
wav_output\808.wav,咦，怎么了，你们两个都这样一言不发…是这身装扮有哪里不妥吗？
wav_output\839.wav,大家都相信，有些事情是只有你才能完成的。
wav_output\652.wav,…！博诺先生，请快点带我去现场看看！
wav_output\707.wav,虽然没能直接参与是有一点遗憾…不过我也很期待，「三川花祭」筹办成功后的盛况。
wav_output\167.wav,那么我们现在过去吧？
wav_output\259.wav,虽说我曾在书上见过类似说法，但听人亲口说起，还是非常惊讶。
wav_output\457.wav,呵呵，兄长平日里总是殚精竭虑，难得能离开公务放松下来。
wav_output\30.wav,啊…
wav_output\384.wav,可以看看你的绘马吗？
wav_output\411.wav,哈哈哈，这么说来，今天可真是任性的一天呀。
wav_output\380.wav,老板，我们要两个绘马。
wav_output\586.wav,我本来也想一同前往，但哥哥说他一个人去就行，让我多观览枫丹的风景，感受当地文化。
wav_output\320.wav,嗯，我明白。
wav_output\87.wav,呵呵，请多关照。
wav_output\9.wav,「坦率」，真的是一件很难的事情。我必须不断告诫自己是神里家的大小姐，在无数双眼睛，无数人的期盼之下摆出完美无缺的姿态。这样的我，是否也该追求自己的愿望呢，是否也该…让你理解我的心意呢…
wav_output\523.wav,我也是这样想的，但劫狱的事…碍于我和托马社奉行的身份，一旦暴露便会牵连整个神里家，恐怕此后的行动也再难有庇护。
wav_output\219.wav,披萨烤好了吗？
wav_output\587.wav,所以，我就和宵宫一起乘巡轨船去了伊黎耶岛的歌剧院。
wav_output\250.wav,嗯！友情对我来说很珍贵，我会好好珍惜与你们的这份因缘。
wav_output\685.wav,之前我听兄长提起过，「雷电五传」的没落非常快，在短短数十年里，就有三家遭遇种种不幸，最终彻底消失。
wav_output\716.wav,我们会全力为你「祈祷」…你也一定要小心啊。
wav_output\310.wav,也许你们听见这样的话会笑话我不够成熟，但…我确实也有这样的想法。不是作为神里绫华，而是作为一个普通的女孩去生活。
wav_output\50.wav,嗯…要来交流茶艺心得吗？
wav_output\633.wav,我们从不是你的丫头，那里也不是我们的家。
wav_output\190.wav,嗯。不过，虽然是以个人身份出面处理这次的事，但我的一言一行，多少都会关系到社奉行与神里家的形象。
wav_output\311.wav,母亲写到，她一直想参加稻妻本地的民间祭典。她说，天气晴朗的夜晚，自家中向远方眺望，偶尔能看见祭典的灯火。
wav_output\459.wav,总算是在开始前赶上了…真不容易。
wav_output\94.wav,托马是我很重要的朋友，他的开朗和阳光总是感染着我。某种意义上来说，他就像是我的另一个兄长一样，已经成为了「神里家」的一员。
wav_output\133.wav,嗯，也谢谢您的丝绸，久利须先生。
wav_output\488.wav,呵呵，因为那三件事之后，我已经把你们当做我的朋友了，就像我也不会隔着屏风和托马说话一样。
wav_output\142.wav,给您。
wav_output\132.wav,也不必觉得为难，今天这片树林里什么事都没有发生，不是吗？
wav_output\33.wav,嗯…你的好意我拜领了。
wav_output\681.wav,各位知道，社奉行主要掌管祭祀活动与文化传承，而稻妻的「锻刀技艺」，也是其中极为重要的部分。
wav_output\331.wav,我想…我想请你和我一起去祭典！
wav_output\209.wav,如你所见，这栋房屋就在餐厅旁边，是店主的私人住宅。
wav_output\546.wav,两位，有看到托马吗？
wav_output\533.wav,唔…这么说也有道理…
wav_output\329.wav,啊啊，请不要笑话我！我、我也曾担心过那些事…不过，已经不要紧了。
wav_output\578.wav,千织小姐！你变化真大。这还是你离开稻妻之后我们第一次见面。
wav_output\623.wav,…走？母亲已经不在了…我们还能去哪里…
wav_output\182.wav,旅行者，派蒙，我们去万国商会碰碰运气吧。
wav_output\822.wav,虽然旁人在台下可能没有察觉，但我知道，刚才很多次我能够化险为夷，都是因为有你在旁边，适时引开了对手的攻击。
wav_output\43.wav,我觉得，至少这是一种很浪漫的想法。
wav_output\598.wav,我也会每天保养自己的刀剑，熟悉它的形状、重量，让它成为自己身体的一部分。
wav_output\224.wav,可以请你帮我打包吗？
wav_output\544.wav,「绫华，你的最后一个愿望也已经实现了。」
wav_output\812.wav,这套衣服裁剪得非常合身，活动起来也比想象中要自由。
wav_output\610.wav,…姐姐。母亲她已经出去很久了。
wav_output\540.wav,都怪托马放了很多奇怪的东西，让汤底的味道变得很古怪。
wav_output\136.wav,那个…请不要这么夸我，我只是做了任何人都会做的事…
wav_output\365.wav,恭喜你。
wav_output\138.wav,我想，这也许是因为，我心底深处并不认为一个民生遭到阻碍的社会可以被称为绝对的「正确」吧…
wav_output\282.wav,看起来也是本笔记。
wav_output\420.wav,阁下的技艺又有所精进。
wav_output\203.wav,咳咳…不是那种情况啦。
wav_output\712.wav,…这个谜题会不会有些难以理解？如果这样稍作调整…应该会更好传达？
wav_output\772.wav,以前，有资格担任「代神使」的，都是稻妻官家剑术最精湛的武者，我自知和他们比起来还差得太远。
wav_output\449.wav,…铳枪，原来长这个样子呀。
wav_output\105.wav,是的。一些与我母亲有关的事。
wav_output\503.wav,记忆中除了威严、尊贵和无与伦比的威压感之外，最让我印象深刻的便是…
wav_output\392.wav,是啊，祭典差不多要结束了。
wav_output\806.wav,怎么旅行者你也…
wav_output\618.wav,怎么了，姐姐？
wav_output\492.wav,在作为神明的将军大人眼里，众生也许只是一个个「生命」而已…
wav_output\802.wav,派蒙不用担心，虽然特使的实力强劲，但明天的比赛并不限制使用神之眼，我们还是拿回了一些主动权。
wav_output\715.wav,还好，没有给你们添太多麻烦。
wav_output\2.wav,剑，就和茶一样，细细品味才能理解其中风雅。
wav_output\604.wav,这样？
wav_output\840.wav,而这样的事，就算一直无视下去，它都不会消失。你的老师将忍术传授给你，就是为了让你能应对这样的任务。
wav_output\552.wav,…不行，我必须去救他！
wav_output\658.wav,当然！我喜欢这个城市，新奇的东西看都看不过来。
wav_output\792.wav,不过，如果穿着小说角色的衣服，应该就不用考虑这么多了。因为书中那位侦探小姐，可是出了名的我行我素、又酷爱恶作剧。
wav_output\220.wav,好香…旅行者，你做料理真有一手。
wav_output\599.wav,没错，看来在这方面，我们有很多相似之处。
wav_output\733.wav,这样啊…那我先走了，你们去和朋友打个招呼吧。
wav_output\431.wav,请赐教…嘿嘿。
wav_output\745.wav,嗯，没关系的，我在这里等你。
wav_output\229.wav,啊对，是不是该把菜谱抄下来？
wav_output\348.wav,真的非常感谢您。
wav_output\603.wav,…这就是你的末路。
wav_output\704.wav,嗯，我会尽力的。
wav_output\560.wav,我曾以为将军对此事并不在意，但现在来看，或许是天领奉行给将军的「上奏公文」，从一开始就有问题。
wav_output\680.wav,只不过这件事要解释起来有些复杂，还是让我先从「雷电五传」讲起吧。
wav_output\185.wav,久利须先生，您没事吧？
wav_output\200.wav,是的。
wav_output\624.wav,可是…难道就让那些人…
wav_output\462.wav,嗯，早柚，你昨晚睡得怎么样？还需要休息吗？
wav_output\512.wav,当然试过，可每次废除眼狩令的提案提交到天守阁，都会因天领奉行和勘定奉行两方的否决而作废…
wav_output\157.wav,能让衣服衬托自身气质，成为自己身体的延伸…是一件非常棒的事。
wav_output\760.wav,后来，「演武传心」的传说演变为了剑道比赛，这场神明传授技艺的切磋，也作为赛事最后的「表演赛」被保留了下来。
wav_output\697.wav,我听说你曾祖父枫原义庆年轻时十分勤勉，可后来却不再过问锻造技艺。看来，当年的失败对他打击很大。
wav_output\746.wav,需要的话，随时可以来找我。
wav_output\147.wav,这样啊…
wav_output\163.wav,当然，关于这点，我已经提前考虑到了哦。
wav_output\793.wav,这样一来，观看表演赛的大家，应该也能从传统形式中品味出新的乐趣吧。
wav_output\711.wav,嗯…再见。
wav_output\79.wav,谢谢你让我有机会尝试这道菜，我会把它的味道记在心里的。
wav_output\175.wav,嗯，麻烦您了。
wav_output\507.wav,因此大部分民众只会选择冷漠处之。
wav_output\737.wav,嗯，兄长说试胆大会「很有趣」，推荐我也来尝试一下。
wav_output\283.wav,难道这会是「椿」的笔记吗…
wav_output\567.wav,到时早柚就可以顺利潜入天领奉行，拿到公文和其他证据…
wav_output\817.wav,这种压迫感…不愧是将军大人指定的特使。
wav_output\651.wav,今天的拍摄似乎事故频发，不太顺利…
wav_output\417.wav,精湛的牌技，我很钦佩。
wav_output\525.wav,做好准备的话，就到花见坂去吧，那里有一家叫做「长野原」的烟花店，你会找到可以帮你的人的。
wav_output\368.wav,好的好的。
wav_output\52.wav,我曾在书中学习过，蒙德和璃月都有着独特的茶文化。
wav_output\131.wav,商人行商也有难处，如派蒙所说，我帮您绝非是要占您的便宜。这些货物，请您按正常的价格出售给我。
wav_output\330.wav,我打算真诚地面对自己的心，完成这个同样属于我的愿望。如果是你的话，一定不会责怪我的任性…
wav_output\566.wav,倒也不无道理。天领奉行旁边就是千手百眼神像，如果能在神像周围点燃烟花，天领奉行不会不管。
wav_output\766.wav,旅行者，派蒙，既然你们来了，我和千里小姐就带你们去比赛的场地看看吧，也能熟悉一下环境。
wav_output\768.wav,旅行者，现在方便…稍微和你说几句话吗？
wav_output\292.wav,「椿」的真身…
wav_output\351.wav,有件事我想解释，刚才我有点紧张，就、就找了个借口…不是只为了给你当导游！请相信我！
wav_output\16.wav,「稻妻幕府社奉行神里家」，位于稻妻名门中的笔头之格位。作为三奉行之一，掌管祭祀活动与人文艺术。自从双亲过世之后，族内的大小事务，便由兄长和我承担了。
wav_output\231.wav,这么好吃的东西，一定会的。
wav_output\579.wav,来枫丹的路上，我也思考了很久，怎样才能见到你们，给你们一个惊喜。没想到，还是被你们抢先了。
wav_output\222.wav,好啊，我很期待能与你们交流料理心得。
wav_output\469.wav,只是吃了一碗拉面…体重应该不会有什么变化吧…
wav_output\192.wav,另外，人生在世，谁都不能保证遇到困难时会有人对自己出手相助。
wav_output\364.wav,哇…你运气真好啊。
wav_output\31.wav,那样的话就太失礼了…
wav_output\660.wav,我期待你的到来。到时候，还想邀请你来家里做客，给你尝尝我们家的茶点。
wav_output\139.wav,啊！抱歉，跟你说了些闲话。
wav_output\647.wav,我们准备等映影杀青之后，一起开个庆功宴。你们也会来的吧？
wav_output\436.wav,我很荣幸，能和你有交流牌技的机会。
wav_output\667.wav,谢谢你，我真的很开心。
wav_output\221.wav,我也想成为会做各地料理的厨房高手…
wav_output\432.wav,…失礼了。
wav_output\513.wav,他们一直摆出一副无条件支持将军决定的态度，没有任何商讨的意思。
wav_output\352.wav,我…嗯…我…是真心要和你一起来的。
wav_output\538.wav,嗯，如果天领奉行那边真如托马所说在忙于筹备什么，那就这么办好了。
wav_output\717.wav,没在做梦哦，早柚只要愿意拿出干劲，就总能做到最好呢。
wav_output\120.wav,久利须先生，请不要付钱给他。
wav_output\238.wav,她、她有没有说什么…有关我的事？
wav_output\389.wav,希望这个愿望能够实现…
wav_output\11.wav,如果有机会的话，我想试着和你共度异国的节日。需要遵循的当地风俗、礼仪规范，还有伴手礼的推荐，可以麻烦你…一一指导我吗？
wav_output\162.wav,请您收下。可以的话，希望能加急。
wav_output\404.wav,嗯，我明白哦。
wav_output\382.wav,我也想好了。
wav_output\526.wav,我认为很难。
wav_output\661.wav,当之无愧。
wav_output\343.wav,请您、请您不要这样声张，我们只是…
wav_output\51.wav,或者…换一种说法，要来尝尝我亲手做的抹茶吗？
wav_output\440.wav,与我对局时，你难道分心了吗？
wav_output\675.wav,不过，赤人的诗集既然是要呈给将军品鉴的重要物品，肯定会采用两种办法之一才对。
wav_output\1.wav,像这样悠闲安稳的时光，如果再多一点就好了…我真贪心啊。
wav_output\694.wav,不过幸亏有兄长在，现在一切总算是好了起来。
wav_output\773.wav,我担心自己无法胜任这一职责，所以那个时候，我曾想写封信给你，问问你的建议。
wav_output\18.wav,如今的我，依旧想成为值得大家信任的人。不过，鼓舞我的原因，已不再是肩上的责任或他人的期待。而是因为，你也是这样的人啊。
wav_output\303.wav,不仅如此，她的一举一动都代表着神里家族。人们总是注视着她，在这种情况下，她一定没有太多时间去做自己想做的事…
wav_output\588.wav,我们在那边坐了很久，感觉怎么都看不厌。
wav_output\627.wav,我们，不就是为了给母亲买这个才出去的吗…
wav_output\234.wav,让我们趁热吃吧。
wav_output\668.wav,各位，可算找到你们了。
wav_output\686.wav,然后就有人猜测，这些不幸其实都是有人暗中操作的结果，有人想要灭绝「雷电五传」。
wav_output\58.wav,与你的经历相比，「社奉行神里家的大小姐」才是不足挂齿的名号…
wav_output\811.wav,嗯，这是小野寺先生他们在这几天里找人赶制出来的，听说是根据观众们写在投票上的建议加上的。
wav_output\655.wav,到时候，还请你们多多关照了。
wav_output\265.wav,旅行者，我有一件给你的礼物。
wav_output\515.wav,嗯？派蒙想问什么？
wav_output\314.wav,就算没有人限制我们，社奉行的人突然出现在人群中，大家多少也会投来异样的眼光吧。会想着，我们去那里是要做什么呢？
wav_output\688.wav,枫原，为什么要带我们来这片海边？
wav_output\258.wav,你说「也」的意思是…
wav_output\170.wav,每逢时节，稻妻的居民都会参加祭典，相对的，治安难度也会增加…
wav_output\635.wav,姐姐，接下来你会去哪里？
wav_output\385.wav,真可爱呢。
wav_output\783.wav,选票弄错的事，目前只有我们这些筹备赛事的工作人员知道，普通民众并没有察觉到选票有什么问题。
wav_output\577.wav,我也很享受爱贝尔小姐的介绍，生动详实，让人意犹未尽。
wav_output\226.wav,明明是可以高价售卖的东西，却愿意这样无私奉献…
wav_output\358.wav,既然旅行者都这么说…那我也不客气了，老板，我们要抽签。
wav_output\71.wav,虽然不是不能吃，但我对动物脂肪或内脏大概会有点…
wav_output\669.wav,其实是刚才，我去容彩祭会场安排插花课程的事，在花架上发现了一张神秘的纸片。
wav_output\484.wav,没错，请尽可能地帮助他们，我会在这里等你们回来。
wav_output\642.wav,我会将这次的合作经历，当作一份宝物，珍藏于心的。
wav_output\569.wav,虽然是再度重逢，但没有多少叙旧的时间呢。等一切结束，我们再好好庆祝一番。
wav_output\485.wav,呵呵，那就拜托了。
wav_output\20.wav,试问，常说「禅茶一味」，又说「剑禅一如」，那么剑和茶，又是什么关系呢？
wav_output\53.wav,但说起对茶的研习，稻妻人也有一番心得。
wav_output\336.wav,我…我去问问看，不管怎么说一定要进去一次，嗯！
wav_output\634.wav,…终于，结束了。
wav_output\611.wav,…母亲！您这次去的好久，我和姐姐都担心死了。
wav_output\700.wav,嗯…清单没有什么问题…跟天领奉行的洽谈还是提前一点吧，他们负责维持秩序，万事以安全为先。
wav_output\534.wav,一直紧张下去也只是徒增疲惫，倒不如好好地休息一下。
wav_output\326.wav,那个…旅行者，我…呃…
wav_output\334.wav,今天是祭典最后一天，许多游客都已经回家了吧。
wav_output\35.wav,呵呵…谢谢你那么为我着想，但请你也不要因此勉强自己。
wav_output\847.wav,也许是这样呢。
wav_output\85.wav,神里绫华，参上。
wav_output\168.wav,嗯？这是…
wav_output\496.wav,啊，是真的吗！
wav_output\278.wav,我们靠近一点再做判断吧。
wav_output\189.wav,虽然不能走公务流程，但我可以帮您找回丢失的货物。
wav_output\495.wav,看来，你们能理解我的心情了，既然这样，不知能否再考虑一下…
wav_output\719.wav,说起来，大概十几年前，有一位家臣跟我讲过一个故事。
wav_output\347.wav,派蒙，其实，面具也不是必须的哦…
wav_output\418.wav,手下留情的话，是赢不过我的哦？
wav_output\531.wav,必须要开始准备今后的计划了…
wav_output\346.wav,…我…我知道了。
wav_output\251.wav,关于这件事，我有一个初步推测。
wav_output\367.wav,哈哈哈，当然可以啦。
wav_output\5.wav,寻珍觅奇…也算得一种雅趣。
wav_output\56.wav,请不要这样说。
wav_output\585.wav,昨日分别之后，哥哥就去沫芒宫拜访最高审判官那维莱特先生了。
wav_output\49.wav,…可以吗？
wav_output\752.wav,说起来，以前妖怪们的庆典，会有什么特别的摊位吗？
wav_output\252.wav,我认为，「椿」…或许是「狐狸神使」！
wav_output\191.wav,我有一些顾虑，所以…希望您能为我保密。
wav_output\69.wav,…或许是因为，有你在我身边吧。
wav_output\439.wav,呵呵，请让我领教一番吧。
wav_output\473.wav,二位漂洋过海，旅途劳顿，到府上却又只能这般相见，请恕礼数不周。
wav_output\29.wav,因为是你的居所，意义就更加不同。
wav_output\179.wav,在此之前，我还有一个小小的请求，能不能…
wav_output\369.wav,那么，我也要这款「绯樱饼」吧。
wav_output\564.wav,嗯…
wav_output\77.wav,谢谢你让我有机会尝试这道菜，我会把它的味道记在心里的。
wav_output\679.wav,在场大家都是值得信赖的人，说出来也无妨。
wav_output\561.wav,天领奉行执掌国内军事事务，如果他们有瞒报的想法，我们也无从得知。
wav_output\70.wav,请随我来！只要走一小段路，不会耽搁你太长时间的哦。打听到你的生日之后，我就提前了一段时间开始筹备。比起名贵的礼物，我妄自猜测…或许这样的礼物会更合我们的情谊。此次，就请让我以扇舞为礼吧。那么，失礼了。
wav_output\725.wav,你们看，这些是不是我们要找的团子牛奶？
wav_output\355.wav,好啊，请问多少钱抽一次？
wav_output\446.wav,八重宫司…真让人捉摸不透。
wav_output\593.wav,几位早。
wav_output\208.wav,对不起！突然把你叫出来，其实、其实…我刚才做料理失败了…
wav_output\555.wav,可是…
wav_output\315.wav,母亲说，她不想让别人感到拘谨，希望大家尽情享受祭典的快乐与自由…她不愿打扰别人，也没有那么多闲暇，便一次都没有去过了。
wav_output\558.wav,情况我已经了解了，总之是要找到天领奉行叛变的证据，让我想想…
wav_output\581.wav,稻妻刚解除锁国不久，亟需加强与其他国家的文化交流。我们之前与枫丹合作较少，此行便是希望为将来开个好头。
wav_output\504.wav,她的情感似乎非常淡薄，比起「统治者」或许更像一个无情的「执行者」，以各种形式践行着「永恒」这唯一的目标。
wav_output\559.wav,这么说来，确实有一点让我很在意。幕府军与反抗军交战已久，但将军却从未过问此事。
wav_output\295.wav,「椿与平时的我既相同又不同，作为椿时，我不是神里华代，而是一个最最平凡的女子。」
wav_output\291.wav,不是狐狸神使。
wav_output\421.wav,还未败尽…
wav_output\235.wav,怎么样，稻妻的料理合你们口味吗？
wav_output\183.wav,这里就是万国商会了。
wav_output\57.wav,你是远渡重天，创造诸多伟业之人。
wav_output\402.wav,说起来，我和旅行者有点像呢，都有兄长。
wav_output\66.wav,如果知道你会在这个时候前来，我应该多花些时间做些打扮才是…
wav_output\690.wav,敌人既然能够篡改将军大人的图纸，还能以一敌多，身份必定极不寻常。
wav_output\335.wav,听说最后一天客流量相对比较少，摊贩们有时也会提前收摊。
wav_output\353.wav,…嗯！
wav_output\180.wav,那就拜托了。
wav_output\144.wav,说起来，旅行者，其实我一直想给你也添置一套新衣服。
wav_output\521.wav,可现在的问题就是，一直帮助我们伪造神之眼的正胜师傅，在前些天被天领奉行的人给逮捕了。
wav_output\401.wav,你也是吗？太好了！
wav_output\113.wav,不不，笔记上写了她的住所，我们直接就能过去。我想请旅行者与我一起，是因为还要准备几件见面礼…
wav_output\68.wav,真是个令人心情平和的夜晚呢。
wav_output\261.wav,可以吗？太好了！
wav_output\298.wav,嗯，都是我母亲想要尝试的东西。
wav_output\397.wav,像我这种脾气…如果没有你的话，今天我不会过得这么开心。
wav_output\106.wav,或许有些突然…但这件事在我看来，只能委托你。
wav_output\111.wav,笔记上写，对方名叫「椿」，似乎是一个很受我母亲重视，也相当有个性、爱玩乐的人。
wav_output\684.wav,而枫原家，就正是「一心」一脉的后人。
wav_output\472.wav,咳…咳。
wav_output\744.wav,如果我被吓到的话，还请不要取笑…
wav_output\563.wav,如果有什么东西，能够暂时引开那些守卫就好了。
wav_output\262.wav,不过在那之前，旅行者，派蒙，你们吃饱了吗？
wav_output\141.wav,嗯，买到了。
wav_output\274.wav,不过既然已经走到这里，我认为，我们还是应该进去一探究竟。
wav_output\281.wav,这是…
wav_output\307.wav,但…这是不对的。
wav_output\34.wav,「随意休息」愧不敢当，不过能在这里小憩片刻，对我来说的确是非常值得感谢的事情。
wav_output\511.wav,也不知由他们领导的反抗军，是否别有所图呢…
wav_output\212.wav,我母亲笔记中提到，「椿」喜欢异国料理。
wav_output\378.wav,能在今天跟你们一起参加祭典，真是太好了。
wav_output\570.wav,天领奉行附近的守卫很多，你们靠近的时候务必小心。之后我们再在这里碰面吧。
wav_output\743.wav,真的吗？那，请多指教了。不…应该说「请多担待」更好一些。
wav_output\583.wav,曾经人们眼中的水神大人…会喜欢什么样的礼物呢…
wav_output\362.wav,哇…你运气真好啊。
wav_output\727.wav,难道说，有什么东西在看守着这些团子牛奶…
wav_output\574.wav,看来那位八重宫司的判断是正确的。如今稻妻的纷争，确实是他们推波助澜的结果。
wav_output\81.wav,非常感谢。与你切磋使我受益良多，相信在剑术上也能更进一步。
wav_output\518.wav,所以目前为止，我们能做的只是想办法减少眼狩令的损失。
wav_output\464.wav,真的吗？那，请多指教了。不…应该说「请多担待」更好一些。
wav_output\383.wav,这样就可以了。
wav_output\84.wav,「尝有所思，斯世如磐；孰料浮世事，留驻难。」…抱歉，明明是值得高兴的时候，我却想起了那么悲伤的诗歌。和你相处的时间过于畅怀，竟然让我害怕再次失去。真是…失态了呀。
wav_output\196.wav,久利须先生，请您将货物被劫的时间、地点以及抢劫者的特征告诉我。
wav_output\240.wav,呜…果然说了吧！她、她是不是…
wav_output\232.wav,写好啦！
wav_output\268.wav,嗯！
wav_output\405.wav,家人和亲缘，是我们谁都无法杜绝的羁绊…是我们在这个世界上最重要的「根」。
wav_output\754.wav,啊，没什么，你们别在意。派蒙，你刚刚是问「代神使」对吗？
wav_output\96.wav,操办节庆庆典是社奉行和巫女众的责任，那位烟火专家也的确能让气氛热烈起来，彼此合作多了，因而渐渐熟络。嗯？治安和消防问题吗？我们也会一并纳入预先规划的。因为这些原因而看不到烟花，才会让人们心中留下缺憾吧。
wav_output\324.wav,不，我…
wav_output\543.wav,能有些喘息时间的话，我也有一些想做的事情…
wav_output\149.wav,哈哈哈，你们的交流真可爱…咳！不、不是，我是说，如果派蒙想要，我可以找人帮你定做衣服。
wav_output\823.wav,如果没有你在身边，仅凭我一个人，肯定是无法取得胜利的。果然在剑术的造诣上，我还远远比不上你。
wav_output\23.wav,曾经，神里家因为没能保护好国宝级别的刀工，遭受了不小的冲击。受愚人众阴谋算计，我们折损了诸多臣下，受到许多责罚。父亲甚至因之早衰，神里家在幕府中的地位也一落千丈…好在兄长继任后力挽狂澜。不过，家门虽已复兴，社奉行一系也上下齐心，但大事要事方面，仍靠兄长定夺。
wav_output\14.wav,「若知是梦何须醒，不比真如一相会。」
wav_output\549.wav,雷电将军会在千手百眼神像前，举办第一百颗神之眼的「狩眼仪式」。
wav_output\689.wav,我觉得，当年神里家主没有对我们这些后人说起这件事，或许也是基于同样的想法。
wav_output\718.wav,兄长，对局中分神可不好哦。
wav_output\125.wav,不用担心，我们没事。
wav_output\216.wav,什么样的异国食物适合带出门送人呢…？
wav_output\800.wav,等我和小野寺先生确认了服装尺寸后，也会前往赛场观看你们的对决的。
wav_output\19.wav,「神之眼」，即是胸怀大志之人所获的印绶。如果问我有什么志向的话…这个还是保密吧，只是一个微不足道的梦想罢了。
wav_output\242.wav,谢谢你安慰我，派蒙。
wav_output\509.wav,嗯，许多已经失去或者害怕失去神之眼的人，都在海祇岛的珊瑚宫麾下组成了反抗组织。
wav_output\653.wav,听哥哥说，稻妻和枫丹的文化交流日程已经正式定下来了。
wav_output\80.wav,嗯…我真是太幸福了…
wav_output\803.wav,而且，只要我们见招拆招，总能找到还击的机会。
wav_output\797.wav,而且，母亲生前也一直很向往其他国家的服饰。这一次，我又帮助母亲完成了一个心愿。
wav_output\354.wav,旅行者你看，有抽签的摊位。
wav_output\391.wav,呀，时间差不多了哦。
wav_output\15.wav,午安。茶饭之后，难免略有困倦。是否有兴致下盘棋提神呢？
wav_output\532.wav,「仪式」…？为什么要交给天领奉行那边来办？
